{"AgentID":{"0":307,"1":304,"2":307,"3":304,"4":307,"5":304,"6":304,"7":307,"8":304,"9":307,"10":300,"11":303,"12":304,"13":307,"14":309,"15":304,"16":305,"17":304,"18":305,"19":306,"20":304,"21":305,"22":304,"23":304,"24":305,"25":305,"26":304,"27":304,"28":305,"29":300,"30":304,"31":305,"32":300,"33":304,"34":305,"35":300,"36":305,"37":304,"38":305,"39":300,"40":304,"41":305,"42":300,"43":304,"44":305,"45":307,"46":300,"47":303,"48":305,"49":307,"50":300,"51":303,"52":305,"53":300,"54":305,"55":307,"56":300,"57":303,"58":305,"59":303,"60":300,"61":307,"62":300,"63":300,"64":300,"65":300,"66":300,"67":300,"68":304,"69":300,"70":304},"Time":{"0":0.25,"1":0.5,"2":0.5,"3":0.75,"4":0.75,"5":1.0,"6":1.25,"7":1.25,"8":1.5,"9":1.5,"10":1.75,"11":1.75,"12":1.75,"13":1.75,"14":1.75,"15":2.0,"16":2.0,"17":2.25,"18":2.25,"19":2.25,"20":2.5,"21":2.5,"22":2.75,"23":3.0,"24":3.0,"25":3.25,"26":3.5,"27":3.75,"28":3.75,"29":4.0,"30":4.0,"31":4.0,"32":4.25,"33":4.25,"34":4.25,"35":4.5,"36":4.5,"37":4.75,"38":4.75,"39":5.0,"40":5.0,"41":5.0,"42":5.25,"43":5.25,"44":5.25,"45":5.25,"46":5.5,"47":5.5,"48":5.5,"49":5.5,"50":5.75,"51":5.75,"52":5.75,"53":6.0,"54":6.0,"55":6.0,"56":6.25,"57":6.25,"58":6.25,"59":6.5,"60":6.75,"61":6.75,"62":7.0,"63":7.25,"64":7.5,"65":7.75,"66":8.0,"67":8.25,"68":8.5,"69":14.5,"70":15.75},"Location":{"0":[57.87,59.32],"1":[22.24,58.6],"2":[57.805,58.275],"3":[20.74,57.27],"4":[57.87,59.32],"5":[23.74,59.93],"6":[26.06,57.16],"7":[57.805,58.275],"8":[23.34,57.3075],"9":[53.85,55.71],"10":[58.01,20.95],"11":[20.39,45.22],"12":[21.78,56.07],"13":[57.335,56.135],"14":[59.62,39.61],"15":[22.24,58.6],"16":[47.26,58.38],"17":[23.35,55.215],"18":[48.01,58.05],"19":[23.045,51.12],"20":[23.35,55.215],"21":[47.79,58.4266666667],"22":[20.74,57.27],"23":[24.0133333333,55.1933333333],"24":[48.01,58.05],"25":[47.35,59.18],"26":[25.65,54.155],"27":[22.82,54.87],"28":[47.79,58.4266666667],"29":[51.53,25.28],"30":[23.35,55.215],"31":[47.455,55.5],"32":[51.655,23.95],"33":[22.82,54.87],"34":[47.455,55.5],"35":[51.78,22.62],"36":[47.42,56.7266666667],"37":[22.82,54.87],"38":[47.305,58.78],"39":[50.4583333333,24.4983333333],"40":[22.82,54.87],"41":[46.15,53.28],"42":[49.5725,23.705],"43":[22.82,54.87],"44":[46.15,53.28],"45":[46.58,49.72],"46":[50.1025,24.83],"47":[27.99,52.14],"48":[46.705,55.83],"49":[46.58,49.72],"50":[48.07,23.02],"51":[27.42,52.75],"52":[46.365,51.5],"53":[48.725,26.1475],"54":[46.58,49.72],"55":[45.03,48.23],"56":[50.04,25.714],"57":[28.56,51.53],"58":[45.92,50.41],"59":[29.64,52.23],"60":[48.292,27.072],"61":[45.66,45.335],"62":[47.55,26.79],"63":[46.53,26.1],"64":[46.2466666667,27.7133333333],"65":[46.3625,27.595],"66":[45.412,28.026],"67":[43.42,29.3325],"68":[29.5733333333,38.8033333333],"69":[26.19,27.19],"70":[36.03,22.5133333333]},"MinDistance":{"0":18.1572208476,"1":14.1259743238,"2":17.1199860486,"3":15.1339003343,"4":18.1572208476,"5":13.2641556803,"6":10.0453091628,"7":17.1199860486,"8":12.6904348617,"9":14.2121604674,"10":19.2856534799,"11":7.1867421493,"12":13.5478425224,"13":14.9291987017,"14":5.598484289,"15":14.1259743238,"16":12.4973112545,"17":11.9293478325,"18":13.0939494079,"19":9.0999425588,"20":11.9293478325,"21":13.010164339,"22":15.1339003343,"23":11.5478400541,"24":13.0939494079,"25":12.8853316939,"26":9.8377785538,"27":11.9622880209,"28":13.010164339,"29":12.2590547477,"30":11.9293478325,"31":11.9799608486,"32":12.4806869786,"33":11.9622880209,"34":11.9799608486,"35":12.8382133339,"36":12.166005645,"37":11.9622880209,"38":12.6864201305,"39":11.2314952796,"40":11.9622880209,"41":10.5942786572,"42":10.4576775923,"43":11.9622880209,"44":10.5942786572,"45":11.3080153164,"46":10.8510992297,"47":7.0781985588,"48":11.2871714539,"49":11.3080153164,"50":9.1446733193,"51":7.8393513142,"52":11.0617906093,"53":9.4726407632,"54":11.3080153164,"55":10.3836790581,"56":10.768509217,"57":6.3356420866,"58":10.9304698289,"59":6.1789756723,"60":9.1515532766,"61":7.5465994089,"62":8.3738306994,"63":7.2799955437,"64":7.3106502966,"65":7.3870893524,"66":6.6311090185,"67":4.507642119,"68":4.8796112994,"69":3.4742349866,"70":3.0472290043},"MinRegionID":{"0":5,"1":0,"2":5,"3":2,"4":5,"5":0,"6":0,"7":5,"8":0,"9":5,"10":7,"11":9,"12":2,"13":5,"14":5,"15":0,"16":0,"17":2,"18":0,"19":2,"20":2,"21":0,"22":2,"23":2,"24":0,"25":0,"26":2,"27":2,"28":0,"29":7,"30":2,"31":0,"32":7,"33":2,"34":0,"35":7,"36":0,"37":2,"38":0,"39":7,"40":2,"41":0,"42":7,"43":2,"44":0,"45":5,"46":7,"47":2,"48":0,"49":5,"50":7,"51":2,"52":0,"53":7,"54":5,"55":1,"56":7,"57":2,"58":0,"59":0,"60":7,"61":1,"62":7,"63":7,"64":7,"65":7,"66":7,"67":4,"68":3,"69":6,"70":8},"GuessIDs":{"0":[173],"1":[3,6],"2":[164,173],"3":[6],"4":[173],"5":[3],"6":[17],"7":[164,173],"8":[3,6,17,25],"9":[179],"10":[166],"11":[274,285],"12":[6,25],"13":[173,175],"14":[153],"15":[3,6],"16":[24],"17":[19,25],"18":[2,24],"19":[72,88],"20":[19,25],"21":[2,24,26],"22":[6],"23":[5,6,19],"24":[2,24],"25":[26],"26":[5,19],"27":[25],"28":[2,24,26],"29":[49],"30":[19,25],"31":[0,2],"32":[49,212],"33":[25],"34":[0,2],"35":[212],"36":[0,2,26],"37":[25],"38":[24,26],"39":[35,49,134,145,212,236],"40":[25],"41":[0],"42":[35,134,228,236],"43":[25],"44":[0],"45":[20],"46":[35,49,145,214],"47":[5,13],"48":[0,24],"49":[20],"50":[214],"51":[5],"52":[0,20],"53":[132,134,145,146],"54":[20],"55":[21],"56":[35,49,134,145,146],"57":[13],"58":[0,20,21],"59":[9,13],"60":[49,59,131,132,145],"61":[31,38],"62":[131,146],"63":[131],"64":[131,143,146],"65":[131,132,143,146],"66":[128,131,132,141,146],"67":[122,123,132,141],"68":[94,96,112],"69":[206],"70":[251,255,258]}}