{"AgentID":{"0":303,"1":305,"2":301,"3":306,"4":303,"5":305,"6":303,"7":306,"8":300,"9":306,"10":300,"11":306,"12":300,"13":306,"14":303,"15":300,"16":306,"17":300,"18":306,"19":300,"20":306,"21":306,"22":300,"23":306,"24":307},"Time":{"0":0.25,"1":0.25,"2":1.25,"3":2.25,"4":5.0,"5":6.0,"6":9.25,"7":10.25,"8":10.5,"9":10.5,"10":10.75,"11":10.75,"12":11.0,"13":11.0,"14":11.25,"15":11.5,"16":11.5,"17":12.0,"18":12.0,"19":12.25,"20":12.25,"21":12.5,"22":12.75,"23":12.75,"24":15.5},"Location":{"0":[59.04,59.07],"1":[23.22,58.6088888889],"2":[22.0,53.44],"3":[35.99,59.28],"4":[50.1,47.44],"5":[34.07,48.37],"6":[52.87,35.55],"7":[36.82,38.33],"8":[36.82,38.33],"9":[36.82,38.33],"10":[36.82,38.33],"11":[36.82,38.33],"12":[37.38,37.34],"13":[37.38,37.34],"14":[47.3,32.13],"15":[37.38,37.34],"16":[37.1,37.835],"17":[37.1,37.835],"18":[36.82,38.33],"19":[36.82,38.33],"20":[36.82,38.33],"21":[37.38,37.34],"22":[36.82,38.33],"23":[35.99,32.3],"24":[24.94,41.85]},"MinDistance":{"0":8.9680055631,"1":1.2710479828,"2":2.507877624,"3":4.5917083004,"4":6.0507680248,"5":5.1691466697,"6":5.9491194899,"7":7.8281384525,"8":7.8281384525,"9":7.8281384525,"10":7.8281384525,"11":7.8281384525,"12":8.9336551378,"13":8.9336551378,"14":6.9437858917,"15":8.9336551378,"16":8.3798298239,"17":8.3798298239,"18":7.8281384525,"19":7.8281384525,"20":7.8281384525,"21":8.9336551378,"22":7.8281384525,"23":5.9958021933,"24":5.5212243569},"MinRegionID":{"0":7,"1":8,"2":9,"3":6,"4":1,"5":0,"6":4,"7":0,"8":0,"9":0,"10":0,"11":0,"12":0,"13":0,"14":2,"15":0,"16":0,"17":0,"18":0,"19":0,"20":0,"21":0,"22":0,"23":3,"24":5},"GuessIDs":{"0":[222],"1":[240,245,246,250,258,259,262,265,267],"2":[289,293],"3":[184,209],"4":[44],"5":[3],"6":[122],"7":[91],"8":[91],"9":[91],"10":[91],"11":[91],"12":[119],"13":[119],"14":[62],"15":[119],"16":[91,119],"17":[91,119],"18":[91],"19":[91],"20":[91],"21":[119],"22":[91],"23":[115],"24":[166]}}