{"RegionID":{"0":0,"1":1,"2":2,"3":3,"4":4,"5":5,"6":6,"7":7,"8":8,"9":9},"Vertices":{"0":[[20.0,60.0],[49.7055541562,60.0],[46.1720443947,45.901473615],[39.2652210041,45.2358598465],[20.0,53.0394936709]],"1":[[37.272177629,41.2617074878],[39.2652210041,45.2358598465],[46.1720443947,45.901473615],[51.9422380416,24.1589234892]],"2":[[27.8629358677,40.9217503768],[20.0,52.7840161105],[20.0,53.0394936709],[39.2652210041,45.2358598465],[37.272177629,41.2617074878],[30.5111690999,39.395964697]],"3":[[26.0287816872,30.4571187736],[27.8629358677,40.9217503768],[30.5111690999,39.395964697],[38.9171783852,30.4047269171]],"4":[[52.6421040731,22.1258126677],[51.9422380416,24.1589234892],[37.272177629,41.2617074878],[30.5111690999,39.395964697],[38.9171783852,30.4047269171]],"5":[[52.6421040731,22.1258126677],[54.1559004544,20.0],[60.0,20.0],[60.0,60.0],[49.7055541562,60.0],[46.1720443947,45.901473615],[51.9422380416,24.1589234892]],"6":[[20.0,20.0],[20.0,27.2777639752],[25.1954043004,29.4720962263],[29.6077565649,25.3027430721],[23.6632802548,20.0]],"7":[[25.1954043004,29.4720962263],[26.0287816872,30.4571187736],[38.9171783852,30.4047269171],[52.6421040731,22.1258126677],[54.1559004544,20.0],[45.9552662722,20.0],[29.6077565649,25.3027430721]],"8":[[29.6077565649,25.3027430721],[23.6632802548,20.0],[45.9552662722,20.0]],"9":[[25.1954043004,29.4720962263],[20.0,27.2777639752],[20.0,52.7840161105],[27.8629358677,40.9217503768],[26.0287816872,30.4571187736]]},"Area":{"0":333.8483683459,"1":123.2001598265,"2":113.0366585676,"3":72.9767721187,"4":114.8609594401,"5":437.6741672752,"6":60.3460303931,"7":154.4023164527,"8":59.1043372081,"9":130.5502303722},"CenterOfMass":{"0":[35.5765397704,53.9438366064],"1":[44.6808346568,37.8521931824],"2":[30.1123247301,45.3874721342],"3":[31.0487535861,34.1521247258],"4":[40.8255382745,33.0186369789],"5":[54.3526056236,41.5067295055],"6":[23.8488685791,24.6230149178],"7":[39.273265522,25.5185020792],"8":[33.0754343639,21.767581024],"9":[23.0757819103,38.553978829]},"BestGuessLocation":{"0":[35.975,54.6133333333],"1":[44.0343333333,38.4686666667],"2":[29.761,45.2503333333],"3":[30.9846666667,34.0886666667],"4":[40.24,32.8276666667],"5":[54.7013333333,41.709],"6":[24.0433333333,25.264],"7":[40.6506666667,25.0736666667],"8":[31.888,21.7516666667],"9":[23.3586666667,39.0963333333]},"BestGuessError":{"0":0.779099751,"1":0.8933104265,"2":0.3771420378,"3":0.0901890155,"4":0.6158934413,"5":0.4031431117,"6":0.6698346186,"7":1.44745033,"8":1.1875410037,"9":0.6116961613}}