{"RegionID":{"0":0,"1":1,"2":2,"3":3,"4":4,"5":5,"6":6,"7":7,"8":8,"9":9},"Vertices":{"0":[[23.0161670396,46.917006141],[29.2092439818,34.9315807646],[36.8388272549,38.5163942851],[39.5614888115,47.66414324],[28.8043925334,51.8474584592]],"1":[[42.7046084819,49.9318358999],[60.0,47.7301476283],[60.0,41.6137542662],[47.8047486539,32.6650203433],[42.8212495381,32.2733740615],[36.8388272549,38.5163942851],[39.5614888115,47.66414324]],"2":[[40.8677375,20.0],[42.8212495381,32.2733740615],[47.8047486539,32.6650203433],[56.325274223,20.0]],"3":[[40.8677375,20.0],[20.0,20.0],[20.0,24.6700591017],[29.2092439818,34.9315807646],[36.8388272549,38.5163942851],[42.8212495381,32.2733740615]],"4":[[56.325274223,20.0],[60.0,20.0],[60.0,41.6137542662],[47.8047486539,32.6650203433]],"5":[[23.0161670396,46.917006141],[29.2092439818,34.9315807646],[20.0,24.6700591017],[20.0,46.7906880342]],"6":[[42.7046084819,49.9318358999],[41.4601583851,60.0],[27.6721759259,60.0],[27.6241895681,54.8174733595],[28.8043925334,51.8474584592],[39.5614888115,47.66414324]],"7":[[41.4601583851,60.0],[60.0,60.0],[60.0,47.7301476283],[42.7046084819,49.9318358999]],"8":[[20.0,60.0],[20.0,55.2795454545],[27.6241895681,54.8174733595],[27.6721759259,60.0]],"9":[[20.0,55.2795454545],[20.0,46.7906880342],[23.0161670396,46.917006141],[28.8043925334,51.8474584592],[27.6241895681,54.8174733595]]},"Area":{"0":170.1071987502,"1":288.7677375333,"2":128.0846400556,"3":297.9658036023,"4":155.0628212655,"5":120.3233058007,"6":146.8871302051,"7":199.4370342031,"8":37.8754482145,"9":55.4888803696},"CenterOfMass":{"0":[31.3780264841,43.9571374503],"1":[47.927944214,41.7925255776],"2":[47.2712662742,25.1862735593],"3":[32.4486448317,27.4617722756],"4":[55.7510944954,30.3450679915],"5":[23.2240463294,36.6021984222],"6":[35.4531995366,54.7197773762],"7":[51.3428230228,54.4679797521],"8":[23.8837584239,57.5249203796],"9":[23.5689557436,51.4835164065]},"BestGuessLocation":{"0":[31.105,43.589],"1":[46.5483333333,41.1926666667],"2":[47.208,25.0836666667],"3":[33.142,28.73],"4":[56.4963333333,30.441],"5":[22.8973333333,37.144],"6":[35.9203333333,54.3343333333],"7":[50.499,53.8596666667],"8":[23.8853333333,58.3496666667],"9":[23.2776666667,51.491]},"BestGuessError":{"0":0.4583324594,"1":1.5043792391,"2":0.1205437509,"3":1.4453867823,"4":0.7513879663,"5":0.6326850176,"6":0.6056245489,"7":1.0402317548,"8":0.8247477908,"9":0.2913851927}}